{
  "points_prediction": {
    "timestamp": "2025-08-15T18:54:07.158627",
    "models_trained": [
      "random_forest",
      "gradient_boost",
      "linear",
      "ensemble"
    ],
    "best_model": "gradient_boost",
    "best_score": 0.9999483777975352,
    "feature_count": 34,
    "training_samples": 548,
    "test_samples": 137,
    "model_results": {
      "random_forest": {
        "train_score": 0.9990289628909015,
        "test_score": 0.9996342485195626,
        "mae": 0.0050072992700729915,
        "mape": 0.0019016931233983595
      },
      "gradient_boost": {
        "train_score": 0.9999995042239888,
        "test_score": 0.9999483777975352,
        "mae": 0.0017723205457964128,
        "mape": 0.0011223278846906385
      },
      "linear": {
        "train_score": 0.9997350802244539,
        "test_score": 0.9996494504553655,
        "mae": 0.018057779729881422,
        "mape": 0.059940137634158286
      },
      "ensemble": {
        "train_score": 0.9998465542982571,
        "test_score": 0.9998697872292429,
        "mae": 0.007375333929388905,
        "mape": 0.020363091140463876
      }
    }
  }
}